[{"model": "auth.permission", "pk": 1, "fields": {"name": "Can add log entry", "content_type": 1, "codename": "add_logentry"}}, {"model": "auth.permission", "pk": 2, "fields": {"name": "Can change log entry", "content_type": 1, "codename": "change_logentry"}}, {"model": "auth.permission", "pk": 3, "fields": {"name": "Can delete log entry", "content_type": 1, "codename": "delete_logentry"}}, {"model": "auth.permission", "pk": 4, "fields": {"name": "Can view log entry", "content_type": 1, "codename": "view_logentry"}}, {"model": "auth.permission", "pk": 5, "fields": {"name": "Can add permission", "content_type": 2, "codename": "add_permission"}}, {"model": "auth.permission", "pk": 6, "fields": {"name": "Can change permission", "content_type": 2, "codename": "change_permission"}}, {"model": "auth.permission", "pk": 7, "fields": {"name": "Can delete permission", "content_type": 2, "codename": "delete_permission"}}, {"model": "auth.permission", "pk": 8, "fields": {"name": "Can view permission", "content_type": 2, "codename": "view_permission"}}, {"model": "auth.permission", "pk": 9, "fields": {"name": "Can add group", "content_type": 3, "codename": "add_group"}}, {"model": "auth.permission", "pk": 10, "fields": {"name": "Can change group", "content_type": 3, "codename": "change_group"}}, {"model": "auth.permission", "pk": 11, "fields": {"name": "Can delete group", "content_type": 3, "codename": "delete_group"}}, {"model": "auth.permission", "pk": 12, "fields": {"name": "Can view group", "content_type": 3, "codename": "view_group"}}, {"model": "auth.permission", "pk": 13, "fields": {"name": "Can add user", "content_type": 4, "codename": "add_user"}}, {"model": "auth.permission", "pk": 14, "fields": {"name": "Can change user", "content_type": 4, "codename": "change_user"}}, {"model": "auth.permission", "pk": 15, "fields": {"name": "Can delete user", "content_type": 4, "codename": "delete_user"}}, {"model": "auth.permission", "pk": 16, "fields": {"name": "Can view user", "content_type": 4, "codename": "view_user"}}, {"model": "auth.permission", "pk": 17, "fields": {"name": "Can add content type", "content_type": 5, "codename": "add_contenttype"}}, {"model": "auth.permission", "pk": 18, "fields": {"name": "Can change content type", "content_type": 5, "codename": "change_contenttype"}}, {"model": "auth.permission", "pk": 19, "fields": {"name": "Can delete content type", "content_type": 5, "codename": "delete_contenttype"}}, {"model": "auth.permission", "pk": 20, "fields": {"name": "Can view content type", "content_type": 5, "codename": "view_contenttype"}}, {"model": "auth.permission", "pk": 21, "fields": {"name": "Can add session", "content_type": 6, "codename": "add_session"}}, {"model": "auth.permission", "pk": 22, "fields": {"name": "Can change session", "content_type": 6, "codename": "change_session"}}, {"model": "auth.permission", "pk": 23, "fields": {"name": "Can delete session", "content_type": 6, "codename": "delete_session"}}, {"model": "auth.permission", "pk": 24, "fields": {"name": "Can view session", "content_type": 6, "codename": "view_session"}}, {"model": "auth.permission", "pk": 25, "fields": {"name": "Can add images", "content_type": 7, "codename": "add_images"}}, {"model": "auth.permission", "pk": 26, "fields": {"name": "Can change images", "content_type": 7, "codename": "change_images"}}, {"model": "auth.permission", "pk": 27, "fields": {"name": "Can delete images", "content_type": 7, "codename": "delete_images"}}, {"model": "auth.permission", "pk": 28, "fields": {"name": "Can view images", "content_type": 7, "codename": "view_images"}}, {"model": "auth.permission", "pk": 29, "fields": {"name": "Can add tags", "content_type": 8, "codename": "add_tags"}}, {"model": "auth.permission", "pk": 30, "fields": {"name": "Can change tags", "content_type": 8, "codename": "change_tags"}}, {"model": "auth.permission", "pk": 31, "fields": {"name": "Can delete tags", "content_type": 8, "codename": "delete_tags"}}, {"model": "auth.permission", "pk": 32, "fields": {"name": "Can view tags", "content_type": 8, "codename": "view_tags"}}, {"model": "auth.permission", "pk": 33, "fields": {"name": "Can add comments", "content_type": 9, "codename": "add_comments"}}, {"model": "auth.permission", "pk": 34, "fields": {"name": "Can change comments", "content_type": 9, "codename": "change_comments"}}, {"model": "auth.permission", "pk": 35, "fields": {"name": "Can delete comments", "content_type": 9, "codename": "delete_comments"}}, {"model": "auth.permission", "pk": 36, "fields": {"name": "Can view comments", "content_type": 9, "codename": "view_comments"}}, {"model": "auth.user", "pk": 1, "fields": {"password": "pbkdf2_sha256$870000$y7vhyRbfkUDEckK8fBx4j8$ENV7D2BrKHXsBvae0aeYG7SnY3Zb6ZDiNvyNeOX3Q5U=", "last_login": null, "is_superuser": false, "username": "root", "first_name": "", "last_name": "", "email": "", "is_staff": false, "is_active": true, "date_joined": "2024-08-31T19:27:18.892Z", "groups": [], "user_permissions": []}}, {"model": "auth.user", "pk": 6, "fields": {"password": "pbkdf2_sha256$870000$p8G1unsX9iJW4mBUbsXouZ$hr8W0rK9RXBrlU5yl/Eu5orVBtz4q8eAoVGDX3A5SO4=", "last_login": null, "is_superuser": false, "username": "r1", "first_name": "", "last_name": "", "email": "", "is_staff": false, "is_active": true, "date_joined": "2024-09-02T16:42:38.239Z", "groups": [], "user_permissions": []}}, {"model": "auth.user", "pk": 7, "fields": {"password": "pbkdf2_sha256$870000$pCDpxvqZyX5g2KtEZs9fKa$siquoXPjUQB9UW7wM3tM27Y8ZYhEUXFs8EsqDSNqedQ=", "last_login": null, "is_superuser": false, "username": "r2", "first_name": "", "last_name": "", "email": "", "is_staff": false, "is_active": true, "date_joined": "2024-09-04T14:52:10.409Z", "groups": [], "user_permissions": []}}, {"model": "auth.user", "pk": 8, "fields": {"password": "pbkdf2_sha256$870000$a6xMT6e9oaEDlIRJ8lKomZ$Ko3CcuATE9Fh9/hrcfuNeRMcltqW+AxD2R3Ikja3Bxc=", "last_login": null, "is_superuser": false, "username": "r3", "first_name": "", "last_name": "", "email": "", "is_staff": false, "is_active": true, "date_joined": "2024-09-17T18:34:31.009Z", "groups": [], "user_permissions": []}}, {"model": "auth.user", "pk": 9, "fields": {"password": "pbkdf2_sha256$870000$D6tZj7pvqDPOoNxwvGEgrf$rJk/d+DqOQFnMzqqxOVvn6VjXRk4yA962O77wJ4JWwY=", "last_login": null, "is_superuser": false, "username": "r4", "first_name": "", "last_name": "", "email": "", "is_staff": false, "is_active": true, "date_joined": "2024-10-17T14:10:10.566Z", "groups": [], "user_permissions": []}}, {"model": "auth.user", "pk": 10, "fields": {"password": "pbkdf2_sha256$870000$Zi8XAVyOOGdcczCgt4q5zT$NN9VExI/eZRexjAcSTFg5DBMHLC8NBoDDo1Z0dn/qVI=", "last_login": null, "is_superuser": false, "username": "emperor_naushnik_228_1488_of_eshkerien_the_great", "first_name": "", "last_name": "", "email": "", "is_staff": false, "is_active": true, "date_joined": "2024-11-02T18:42:27.928Z", "groups": [], "user_permissions": []}}, {"model": "auth.user", "pk": 11, "fields": {"password": "pbkdf2_sha256$870000$05FD6vigKJ5x2OMd3a1MwE$r/0oCiyuQuwqkXh8xkjnCr9DAyMT3JmZwnUH5QswDB0=", "last_login": null, "is_superuser": false, "username": "ein_schifflein_sah_ich_fahren_kapit├дn_und_leutenant_darinnen_waren_geladen_drei_brave_kompanien", "first_name": "", "last_name": "", "email": "", "is_staff": false, "is_active": true, "date_joined": "2024-11-02T18:45:54.848Z", "groups": [], "user_permissions": []}}, {"model": "auth.user", "pk": 17, "fields": {"password": "pbkdf2_sha256$870000$13UPLuJlnnQT7gyg2W8V52$bBouBTCw1D6S9yxN80RdsbkDZUcABeRZvvb76aoVSxg=", "last_login": null, "is_superuser": false, "username": "r5", "first_name": "", "last_name": "", "email": "", "is_staff": false, "is_active": true, "date_joined": "2024-11-02T20:06:19.279Z", "groups": [], "user_permissions": []}}, {"model": "contenttypes.contenttype", "pk": 1, "fields": {"app_label": "admin", "model": "logentry"}}, {"model": "contenttypes.contenttype", "pk": 2, "fields": {"app_label": "auth", "model": "permission"}}, {"model": "contenttypes.contenttype", "pk": 3, "fields": {"app_label": "auth", "model": "group"}}, {"model": "contenttypes.contenttype", "pk": 4, "fields": {"app_label": "auth", "model": "user"}}, {"model": "contenttypes.contenttype", "pk": 5, "fields": {"app_label": "contenttypes", "model": "contenttype"}}, {"model": "contenttypes.contenttype", "pk": 6, "fields": {"app_label": "sessions", "model": "session"}}, {"model": "contenttypes.contenttype", "pk": 7, "fields": {"app_label": "api", "model": "images"}}, {"model": "contenttypes.contenttype", "pk": 8, "fields": {"app_label": "api", "model": "tags"}}, {"model": "contenttypes.contenttype", "pk": 9, "fields": {"app_label": "api", "model": "comments"}}, {"model": "api.tags", "pk": 1, "fields": {"tag": "root", "type": "AU", "description": "admin tag", "amount": 23}}, {"model": "api.tags", "pk": 2, "fields": {"tag": "random_memes", "type": "SO", "description": "random memes", "amount": 43}}, {"model": "api.tags", "pk": 10, "fields": {"tag": "a", "type": "TR", "description": "group 'a'", "amount": 53}}, {"model": "api.tags", "pk": 11, "fields": {"tag": "b", "type": "TR", "description": "group 'b'", "amount": 60}}, {"model": "api.tags", "pk": 13, "fields": {"tag": "c", "type": "TR", "description": "group 'c'", "amount": 53}}, {"model": "api.tags", "pk": 14, "fields": {"tag": "soyjak", "type": "TR", "description": "sharty", "amount": 4}}, {"model": "api.tags", "pk": 16, "fields": {"tag": "whatsapp", "type": "SO", "description": "groBwhatsappisches", "amount": 0}}, {"model": "api.tags", "pk": 25, "fields": {"tag": "minion", "type": "CH", "description": "xd", "amount": 1}}, {"model": "api.tags", "pk": 27, "fields": {"tag": "gaza", "type": "TR", "description": "sektor gaza", "amount": 0}}, {"model": "api.tags", "pk": 28, "fields": {"tag": "hohol", "type": "TR", "description": "hohol kombat", "amount": 3}}, {"model": "api.tags", "pk": 29, "fields": {"tag": "ein_schifflein_sah_ich_fahren_kapit├дn_und_leutenant_darinnen_waren_geladen_drei_brave_kompanien", "type": "SP", "description": "Ein Schifflein sah ich fahren\nKapit├дn und Leutenant\nDarinnen waren geladen\nDrei brave Kompanien Soldaten\nKapit├дn, Leutenant, F├дhnerich, Sergeant\nNimm das M├дdel, nimm das M├дdel bei der Hand\nSoldaten, Kameraden\nNehmt das M├дdel, nehmt das M├дdel bei der Hand\nSoldaten, Kameraden\nNehmt das M├дdel, nehmt das M├дdel bei der Hand\nWas sollen die Soldaten essen\nKapit├дn und Leutenant?\nGebrat'ne Fisch mit Kressen\nDas sollen die Soldaten essen\nKapit├дn, Leutenant, F├дhnerich, Sergeant\nNimm das M├дdel, nimm das M├дdel bei der Hand\nSoldaten, Kameraden\nNehmt das M├дdel, nehmt das M├дdel bei der Hand\nSoldaten, Kameraden\nNehmt das M├дdel, nehmt das M├дdel bei der Hand\nWas sollen die Soldaten trinken\nKapit├дn und Leutenant?\nDen besten Wein, der zu finden\nDen sollen die Soldaten trinken\nKapit├дn, Leutenant, F├дhnerich, Sergeant\nNimm das M├дdel, nimm das M├дdel bei der Hand\nSoldaten, Kameraden\nNehmt das M├дdel, nehmt das M├дdel bei der Hand\nSoldaten, Kameraden\nNehmt das M├дdel, nehmt das M├дdel bei der Hand", "amount": 5}}, {"model": "api.tags", "pk": 30, "fields": {"tag": "xd", "type": "TR", "description": "xd", "amount": 4}}, {"model": "api.tags", "pk": 31, "fields": {"tag": "somali4", "type": "SO", "description": "4chan/8chan/2ch", "amount": 0}}, {"model": "api.tags", "pk": 32, "fields": {"tag": "library_of_ruina", "type": "SO", "description": "pm game mentioned ЁЯШ▒", "amount": 0}}, {"model": "api.images", "pk": 108, "fields": {"user": 6, "image": "images/1533583594185855694_NuF6Af0.jpg", "description": "a", "date": "2024-09-06T16:01:20.509Z", "tags": [2]}}, {"model": "api.images", "pk": 109, "fields": {"user": 6, "image": "images/1533583594185855694_Ox071JQ.jpg", "description": "a", "date": "2024-09-06T16:01:51.839Z", "tags": [1, 2]}}, {"model": "api.images", "pk": 110, "fields": {"user": 6, "image": "images/6r_B-5CJDi8.jpg", "description": "dsadsad", "date": "2024-09-06T17:15:10.162Z", "tags": [1]}}, {"model": "api.images", "pk": 111, "fields": {"user": 6, "image": "images/6r_B-5CJDi8_PXJQQ0j.jpg", "description": "a", "date": "2024-09-06T17:18:57.251Z", "tags": [1, 2]}}, {"model": "api.images", "pk": 112, "fields": {"user": 7, "image": "images/photo_2024-09-06_22-44-28_2.jpg", "description": "a", "date": "2024-09-06T19:45:24.619Z", "tags": [10]}}, {"model": "api.images", "pk": 113, "fields": {"user": 7, "image": "images/photo_2024-09-06_22-44-28_2_jRGjhSK.jpg", "description": "a", "date": "2024-09-06T19:45:31.398Z", "tags": [10]}}, {"model": "api.images", "pk": 114, "fields": {"user": 7, "image": "images/photo_2024-09-06_22-44-28_2_ScIEDFh.jpg", "description": "a", "date": "2024-09-06T19:45:31.764Z", "tags": [10]}}, {"model": "api.images", "pk": 115, "fields": {"user": 7, "image": "images/photo_2024-09-06_22-44-28_2_HlCWrDA.jpg", "description": "a", "date": "2024-09-06T19:45:32.074Z", "tags": [10]}}, {"model": "api.images", "pk": 116, "fields": {"user": 7, "image": "images/photo_2024-09-06_22-44-28_2_7w0q7TL.jpg", "description": "a", "date": "2024-09-06T19:45:32.387Z", "tags": [10]}}, {"model": "api.images", "pk": 117, "fields": {"user": 7, "image": "images/photo_2024-09-06_22-44-28_2_D3kr07D.jpg", "description": "a", "date": "2024-09-06T19:45:32.714Z", "tags": [10]}}, {"model": "api.images", "pk": 118, "fields": {"user": 7, "image": "images/photo_2024-09-06_22-44-28_2_04I1QKy.jpg", "description": "a", "date": "2024-09-06T19:45:33.013Z", "tags": [10]}}, {"model": "api.images", "pk": 119, "fields": {"user": 7, "image": "images/photo_2024-09-06_22-44-28_2_aegwXPD.jpg", "description": "a", "date": "2024-09-06T19:45:33.346Z", "tags": [10]}}, {"model": "api.images", "pk": 131, "fields": {"user": 7, "image": "images/photo_2024-09-06_22-44-28_2_kYM6npe.jpg", "description": "a", "date": "2024-09-06T19:45:40.771Z", "tags": [10]}}, {"model": "api.images", "pk": 132, "fields": {"user": 7, "image": "images/photo_2024-09-06_22-44-28_2_CH6xGWl.jpg", "description": "a", "date": "2024-09-06T19:45:41.217Z", "tags": [10]}}, {"model": "api.images", "pk": 133, "fields": {"user": 7, "image": "images/photo_2024-09-06_22-44-28_2_EW6spu1.jpg", "description": "a", "date": "2024-09-06T19:45:41.689Z", "tags": [10]}}, {"model": "api.images", "pk": 134, "fields": {"user": 7, "image": "images/photo_2024-09-06_22-44-28_2_ingZOY3.jpg", "description": "a", "date": "2024-09-06T19:45:42.246Z", "tags": [10]}}, {"model": "api.images", "pk": 135, "fields": {"user": 7, "image": "images/photo_2024-09-06_22-44-28_2_FDW2mQD.jpg", "description": "a", "date": "2024-09-06T19:45:42.747Z", "tags": [10]}}, {"model": "api.images", "pk": 136, "fields": {"user": 7, "image": "images/photo_2024-09-06_22-44-28_2_D7OlC6B.jpg", "description": "a", "date": "2024-09-06T19:45:43.186Z", "tags": [10]}}, {"model": "api.images", "pk": 137, "fields": {"user": 7, "image": "images/photo_2024-09-06_22-44-28.jpg", "description": "b", "date": "2024-09-06T19:46:13.682Z", "tags": [11]}}, {"model": "api.images", "pk": 138, "fields": {"user": 7, "image": "images/photo_2024-09-06_22-44-28_MilgVL6.jpg", "description": "b", "date": "2024-09-06T19:46:14.490Z", "tags": [11]}}, {"model": "api.images", "pk": 139, "fields": {"user": 7, "image": "images/photo_2024-09-06_22-44-28_RHujLaU.jpg", "description": "b", "date": "2024-09-06T19:46:17.756Z", "tags": [11]}}, {"model": "api.images", "pk": 146, "fields": {"user": 7, "image": "images/photo_2024-09-06_22-44-28_8uyc5CG.jpg", "description": "b", "date": "2024-09-06T19:46:20.153Z", "tags": [11]}}, {"model": "api.images", "pk": 147, "fields": {"user": 7, "image": "images/photo_2024-09-06_22-44-28_iLyE5zi.jpg", "description": "b", "date": "2024-09-06T19:46:20.504Z", "tags": [11]}}, {"model": "api.images", "pk": 148, "fields": {"user": 7, "image": "images/photo_2024-09-06_22-44-28_HCbgq7S.jpg", "description": "b", "date": "2024-09-06T19:46:20.874Z", "tags": [11]}}, {"model": "api.images", "pk": 149, "fields": {"user": 7, "image": "images/photo_2024-09-06_22-44-28_QQGzlBJ.jpg", "description": "b", "date": "2024-09-06T19:46:21.321Z", "tags": [11]}}, {"model": "api.images", "pk": 150, "fields": {"user": 7, "image": "images/photo_2024-09-06_22-44-28_Ib1vCat.jpg", "description": "b", "date": "2024-09-06T19:46:23.542Z", "tags": [11]}}, {"model": "api.images", "pk": 151, "fields": {"user": 7, "image": "images/photo_2024-09-06_22-44-28_SpuGh57.jpg", "description": "b", "date": "2024-09-06T19:46:29.020Z", "tags": [11]}}, {"model": "api.images", "pk": 152, "fields": {"user": 7, "image": "images/photo_2024-09-06_22-44-28_N2M3f4B.jpg", "description": "b", "date": "2024-09-06T19:46:29.268Z", "tags": [11]}}, {"model": "api.images", "pk": 153, "fields": {"user": 7, "image": "images/photo_2024-09-06_22-44-28_T49T8sQ.jpg", "description": "b", "date": "2024-09-06T19:46:29.535Z", "tags": [11]}}, {"model": "api.images", "pk": 154, "fields": {"user": 7, "image": "images/photo_2024-09-06_22-44-28_jpd411D.jpg", "description": "b", "date": "2024-09-06T19:46:29.818Z", "tags": [11]}}, {"model": "api.images", "pk": 155, "fields": {"user": 7, "image": "images/photo_2024-09-06_22-44-28_eshP33O.jpg", "description": "b", "date": "2024-09-06T19:46:30.130Z", "tags": [11]}}, {"model": "api.images", "pk": 156, "fields": {"user": 7, "image": "images/photo_2024-09-06_22-44-28_TXB0ZcQ.jpg", "description": "b", "date": "2024-09-06T19:46:30.447Z", "tags": [11]}}, {"model": "api.images", "pk": 157, "fields": {"user": 7, "image": "images/photo_2024-09-06_22-44-28_X4p6oM6.jpg", "description": "b", "date": "2024-09-06T19:46:30.779Z", "tags": [11]}}, {"model": "api.images", "pk": 158, "fields": {"user": 7, "image": "images/photo_2024-09-06_22-44-28_7wUFOqN.jpg", "description": "b", "date": "2024-09-06T19:46:31.141Z", "tags": [11]}}, {"model": "api.images", "pk": 159, "fields": {"user": 7, "image": "images/photo_2024-09-06_22-44-28_lAsUlNk.jpg", "description": "b", "date": "2024-09-06T19:46:31.485Z", "tags": [11]}}, {"model": "api.images", "pk": 160, "fields": {"user": 7, "image": "images/photo_2024-09-06_22-44-28_MZL9RJQ.jpg", "description": "b", "date": "2024-09-06T19:46:31.847Z", "tags": [11]}}, {"model": "api.images", "pk": 161, "fields": {"user": 7, "image": "images/photo_2024-09-06_22-44-28_oEcDBiP.jpg", "description": "b", "date": "2024-09-06T19:46:39.219Z", "tags": [11]}}, {"model": "api.images", "pk": 162, "fields": {"user": 7, "image": "images/photo_2024-09-06_22-44-28_4.jpg", "description": "c", "date": "2024-09-06T19:47:15.748Z", "tags": [13]}}, {"model": "api.images", "pk": 163, "fields": {"user": 7, "image": "images/photo_2024-09-06_22-44-28_4_gtsVRbc.jpg", "description": "c", "date": "2024-09-06T19:47:21.024Z", "tags": [13]}}, {"model": "api.images", "pk": 164, "fields": {"user": 7, "image": "images/photo_2024-09-06_22-44-28_4_ikxRjv7.jpg", "description": "c", "date": "2024-09-06T19:47:21.288Z", "tags": [13]}}, {"model": "api.images", "pk": 165, "fields": {"user": 7, "image": "images/photo_2024-09-06_22-44-28_4_bLe5OtS.jpg", "description": "c", "date": "2024-09-06T19:47:21.553Z", "tags": [13]}}, {"model": "api.images", "pk": 166, "fields": {"user": 7, "image": "images/photo_2024-09-06_22-44-28_4_qc3DxxN.jpg", "description": "c", "date": "2024-09-06T19:47:21.812Z", "tags": [13]}}, {"model": "api.images", "pk": 167, "fields": {"user": 7, "image": "images/photo_2024-09-06_22-44-28_4_XktuRBP.jpg", "description": "c", "date": "2024-09-06T19:47:22.091Z", "tags": [13]}}, {"model": "api.images", "pk": 168, "fields": {"user": 7, "image": "images/photo_2024-09-06_22-44-28_4_iOItDTr.jpg", "description": "c", "date": "2024-09-06T19:47:22.356Z", "tags": [13]}}, {"model": "api.images", "pk": 169, "fields": {"user": 7, "image": "images/photo_2024-09-06_22-44-28_4_Hm0ACNw.jpg", "description": "c", "date": "2024-09-06T19:47:22.607Z", "tags": [13]}}, {"model": "api.images", "pk": 170, "fields": {"user": 7, "image": "images/photo_2024-09-06_22-44-28_4_hilwf4k.jpg", "description": "c", "date": "2024-09-06T19:47:22.868Z", "tags": [13]}}, {"model": "api.images", "pk": 171, "fields": {"user": 7, "image": "images/photo_2024-09-06_22-44-28_4_vzCv0YR.jpg", "description": "c", "date": "2024-09-06T19:47:23.143Z", "tags": [13]}}, {"model": "api.images", "pk": 172, "fields": {"user": 7, "image": "images/photo_2024-09-06_22-44-28_4_2HdrbuF.jpg", "description": "c", "date": "2024-09-06T19:47:23.410Z", "tags": [13]}}, {"model": "api.images", "pk": 173, "fields": {"user": 7, "image": "images/photo_2024-09-06_22-44-28_4_wbyGK4N.jpg", "description": "c", "date": "2024-09-06T19:47:23.658Z", "tags": [13]}}, {"model": "api.images", "pk": 174, "fields": {"user": 7, "image": "images/photo_2024-09-06_22-44-28_4_3JqQvHx.jpg", "description": "c", "date": "2024-09-06T19:47:23.910Z", "tags": [13]}}, {"model": "api.images", "pk": 175, "fields": {"user": 7, "image": "images/photo_2024-09-06_22-44-28_4_POPdNrV.jpg", "description": "c", "date": "2024-09-06T19:47:24.159Z", "tags": [13]}}, {"model": "api.images", "pk": 176, "fields": {"user": 7, "image": "images/photo_2024-09-06_22-44-28_4_S6s5YxD.jpg", "description": "c", "date": "2024-09-06T19:47:24.423Z", "tags": [13]}}, {"model": "api.images", "pk": 177, "fields": {"user": 7, "image": "images/photo_2024-09-06_22-44-28_4_LbJrTdf.jpg", "description": "c", "date": "2024-09-06T19:47:24.676Z", "tags": [13]}}, {"model": "api.images", "pk": 178, "fields": {"user": 7, "image": "images/photo_2024-09-06_22-44-28_4_lDMNXjH.jpg", "description": "c", "date": "2024-09-06T19:47:24.947Z", "tags": [13]}}, {"model": "api.images", "pk": 179, "fields": {"user": 7, "image": "images/photo_2024-09-06_22-44-28_4_4wgWKMN.jpg", "description": "c", "date": "2024-09-06T19:47:25.200Z", "tags": [13]}}, {"model": "api.images", "pk": 180, "fields": {"user": 7, "image": "images/photo_2024-09-06_22-44-28_4_t7mm83u.jpg", "description": "c", "date": "2024-09-06T19:47:25.466Z", "tags": [13]}}, {"model": "api.images", "pk": 181, "fields": {"user": 7, "image": "images/photo_2024-09-06_22-44-28_4_A87KK6R.jpg", "description": "c", "date": "2024-09-06T19:47:26.056Z", "tags": [13]}}, {"model": "api.images", "pk": 182, "fields": {"user": 7, "image": "images/photo_2024-09-06_22-44-28_4_Pailo8L.jpg", "description": "c", "date": "2024-09-06T19:47:26.477Z", "tags": [13]}}, {"model": "api.images", "pk": 183, "fields": {"user": 7, "image": "images/photo_2024-09-06_22-44-28_4_cV4qya2.jpg", "description": "c", "date": "2024-09-06T19:47:26.985Z", "tags": [13]}}, {"model": "api.images", "pk": 184, "fields": {"user": 7, "image": "images/photo_2024-09-06_22-44-28_4_Mw7mUJr.jpg", "description": "c", "date": "2024-09-06T19:47:27.500Z", "tags": [13]}}, {"model": "api.images", "pk": 185, "fields": {"user": 7, "image": "images/photo_2024-09-06_22-44-28_4_m8ytLsj.jpg", "description": "c", "date": "2024-09-06T19:47:28.046Z", "tags": [13]}}, {"model": "api.images", "pk": 186, "fields": {"user": 7, "image": "images/photo_2024-09-06_22-44-28_4_pRZZbl1.jpg", "description": "c", "date": "2024-09-06T19:47:28.961Z", "tags": [13]}}, {"model": "api.images", "pk": 187, "fields": {"user": 7, "image": "images/photo_2024-09-06_22-44-29.jpg", "description": "abc", "date": "2024-09-06T19:47:49.635Z", "tags": [10, 11, 13]}}, {"model": "api.images", "pk": 188, "fields": {"user": 7, "image": "images/photo_2024-09-06_22-44-29_1Fao37u.jpg", "description": "abc", "date": "2024-09-06T19:47:59.584Z", "tags": [10, 11, 13]}}, {"model": "api.images", "pk": 189, "fields": {"user": 7, "image": "images/photo_2024-09-06_22-44-29_0IPLOCA.jpg", "description": "abc", "date": "2024-09-06T19:47:59.886Z", "tags": [10, 11, 13]}}, {"model": "api.images", "pk": 190, "fields": {"user": 7, "image": "images/photo_2024-09-06_22-44-29_XR52plN.jpg", "description": "abc", "date": "2024-09-06T19:48:00.199Z", "tags": [10, 11, 13]}}, {"model": "api.images", "pk": 191, "fields": {"user": 7, "image": "images/photo_2024-09-06_22-44-29_eYgkG1Q.jpg", "description": "abc", "date": "2024-09-06T19:48:00.510Z", "tags": [10, 11, 13]}}, {"model": "api.images", "pk": 192, "fields": {"user": 7, "image": "images/photo_2024-09-06_22-44-29_VBe36WE.jpg", "description": "abc", "date": "2024-09-06T19:48:00.854Z", "tags": [10, 11, 13]}}, {"model": "api.images", "pk": 193, "fields": {"user": 7, "image": "images/photo_2024-09-06_22-44-29_hrio8zQ.jpg", "description": "abc", "date": "2024-09-06T19:48:01.166Z", "tags": [10, 11, 13]}}, {"model": "api.images", "pk": 194, "fields": {"user": 7, "image": "images/photo_2024-09-06_22-44-29_qT8fBQy.jpg", "description": "abc", "date": "2024-09-06T19:48:01.484Z", "tags": [10, 11, 13]}}, {"model": "api.images", "pk": 195, "fields": {"user": 7, "image": "images/photo_2024-09-06_22-44-29_78wkOzt.jpg", "description": "abc", "date": "2024-09-06T19:48:01.808Z", "tags": [10, 11, 13]}}, {"model": "api.images", "pk": 196, "fields": {"user": 7, "image": "images/photo_2024-09-06_22-44-29_4cFcOpi.jpg", "description": "abc", "date": "2024-09-06T19:48:02.135Z", "tags": [10, 11, 13]}}, {"model": "api.images", "pk": 197, "fields": {"user": 7, "image": "images/photo_2024-09-06_22-44-29_MjQRnFr.jpg", "description": "abc", "date": "2024-09-06T19:48:02.482Z", "tags": [10, 11, 13]}}, {"model": "api.images", "pk": 198, "fields": {"user": 7, "image": "images/photo_2024-09-06_22-44-29_Um6c2ic.jpg", "description": "abc", "date": "2024-09-06T19:48:02.788Z", "tags": [10, 11, 13]}}, {"model": "api.images", "pk": 199, "fields": {"user": 7, "image": "images/photo_2024-09-06_22-44-29_mRlBgKY.jpg", "description": "abc", "date": "2024-09-06T19:48:03.154Z", "tags": [10, 11, 13]}}, {"model": "api.images", "pk": 200, "fields": {"user": 7, "image": "images/photo_2024-09-06_22-44-29_98H276k.jpg", "description": "abc", "date": "2024-09-06T19:48:03.693Z", "tags": [10, 11, 13]}}, {"model": "api.images", "pk": 201, "fields": {"user": 7, "image": "images/photo_2024-09-06_22-44-29_ph7uiNZ.jpg", "description": "abc", "date": "2024-09-06T19:48:04.192Z", "tags": [10, 11, 13]}}, {"model": "api.images", "pk": 202, "fields": {"user": 7, "image": "images/photo_2024-09-06_22-44-29_voGY6iJ.jpg", "description": "abc", "date": "2024-09-06T19:48:04.564Z", "tags": [10, 11, 13]}}, {"model": "api.images", "pk": 203, "fields": {"user": 7, "image": "images/photo_2024-09-06_22-44-29_Sxf1J7Y.jpg", "description": "abc", "date": "2024-09-06T19:48:05.166Z", "tags": [10, 11, 13]}}, {"model": "api.images", "pk": 204, "fields": {"user": 7, "image": "images/photo_2024-09-06_22-44-29_OloSLHP.jpg", "description": "abc", "date": "2024-09-06T19:48:05.833Z", "tags": [10, 11, 13]}}, {"model": "api.images", "pk": 205, "fields": {"user": 7, "image": "images/photo_2024-09-06_22-44-29_DOV3B7X.jpg", "description": "abc", "date": "2024-09-06T19:48:06.058Z", "tags": [10, 11, 13]}}, {"model": "api.images", "pk": 206, "fields": {"user": 7, "image": "images/photo_2024-09-06_22-44-29_P1JLltk.jpg", "description": "abc", "date": "2024-09-06T19:48:06.251Z", "tags": [10, 11, 13]}}, {"model": "api.images", "pk": 207, "fields": {"user": 7, "image": "images/photo_2024-09-06_22-44-29_cFqsMJJ.jpg", "description": "abc", "date": "2024-09-06T19:48:06.446Z", "tags": [10, 11, 13]}}, {"model": "api.images", "pk": 208, "fields": {"user": 7, "image": "images/photo_2024-09-06_22-44-29_PGB6weD.jpg", "description": "abc", "date": "2024-09-06T19:48:06.633Z", "tags": [10, 11, 13]}}, {"model": "api.images", "pk": 209, "fields": {"user": 7, "image": "images/photo_2024-09-06_22-44-29_WYiB33Z.jpg", "description": "abc", "date": "2024-09-06T19:48:06.814Z", "tags": [10, 11, 13]}}, {"model": "api.images", "pk": 210, "fields": {"user": 7, "image": "images/photo_2024-09-06_22-44-29_pwGxkU0.jpg", "description": "abc", "date": "2024-09-06T19:48:07.222Z", "tags": [10, 11, 13]}}, {"model": "api.images", "pk": 211, "fields": {"user": 7, "image": "images/photo_2024-09-06_22-44-29_S1XARCi.jpg", "description": "abc", "date": "2024-09-06T19:48:07.681Z", "tags": [10, 11, 13]}}, {"model": "api.images", "pk": 212, "fields": {"user": 7, "image": "images/photo_2024-09-06_22-44-28_3.jpg", "description": "xd", "date": "2024-09-09T19:00:03.360Z", "tags": [2]}}, {"model": "api.images", "pk": 213, "fields": {"user": 7, "image": "images/5-15-p-m-wikipedia-edging-session-v0-aoe8px8qff2d1.jpg", "description": "sigma", "date": "2024-09-10T17:19:14.802Z", "tags": [2]}}, {"model": "api.images", "pk": 214, "fields": {"user": 7, "image": "images/cursed-pornmemes-v0-90tpv5kwos4b1.webp", "description": "xd", "date": "2024-09-11T18:14:05.889Z", "tags": [1, 2, 10]}}, {"model": "api.images", "pk": 215, "fields": {"user": 7, "image": "images/photo_2024-06-01_19-29-59.jpg", "description": "soy", "date": "2024-09-11T18:20:05.163Z", "tags": [2, 14]}}, {"model": "api.images", "pk": 216, "fields": {"user": 7, "image": "images/9abA5ZAlspU.jpg", "description": "dsadsad", "date": "2024-09-13T13:51:46.277Z", "tags": [1]}}, {"model": "api.images", "pk": 217, "fields": {"user": 7, "image": "images/9abA5ZAlspU_uP2anBu.jpg", "description": "test", "date": "2024-09-13T13:53:43.246Z", "tags": [2]}}, {"model": "api.images", "pk": 218, "fields": {"user": 7, "image": "images/where-do-we-get-the-jjk-teeth-images-v0-ex6tqcf12m9c1.jpg", "description": "xd", "date": "2024-09-13T14:33:48.268Z", "tags": [2, 10]}}, {"model": "api.images", "pk": 219, "fields": {"user": 7, "image": "images/6r_B-5CJDi8_MY6wXip.jpg", "description": "xd", "date": "2024-09-13T14:34:42.701Z", "tags": [2, 11]}}, {"model": "api.images", "pk": 220, "fields": {"user": 7, "image": "images/6r_B-5CJDi8_4ln2ujK.jpg", "description": "xd", "date": "2024-09-13T14:35:18.606Z", "tags": [2, 11]}}, {"model": "api.images", "pk": 221, "fields": {"user": 7, "image": "images/6r_B-5CJDi8_upxD8o9.jpg", "description": "xd", "date": "2024-09-13T14:41:57.739Z", "tags": [2, 11]}}, {"model": "api.images", "pk": 222, "fields": {"user": 7, "image": "images/6r_B-5CJDi8_MUYRbnM.jpg", "description": "xd", "date": "2024-09-13T14:42:14.989Z", "tags": [2, 11]}}, {"model": "api.images", "pk": 223, "fields": {"user": 7, "image": "images/6r_B-5CJDi8_SW5IJLp.jpg", "description": "xd", "date": "2024-09-13T14:44:52.616Z", "tags": []}}, {"model": "api.images", "pk": 224, "fields": {"user": 7, "image": "images/6r_B-5CJDi8_J9k4euE.jpg", "description": "xd", "date": "2024-09-13T14:47:33.374Z", "tags": [2, 11]}}, {"model": "api.images", "pk": 225, "fields": {"user": 7, "image": "images/6r_B-5CJDi8_eQDSSJ7.jpg", "description": "xd", "date": "2024-09-13T14:57:54.614Z", "tags": [2, 11]}}, {"model": "api.images", "pk": 226, "fields": {"user": 7, "image": "images/6r_B-5CJDi8_GoHtXq0.jpg", "description": "xd", "date": "2024-09-13T15:00:31.053Z", "tags": []}}, {"model": "api.images", "pk": 227, "fields": {"user": 7, "image": "images/6r_B-5CJDi8_SEjeiMX.jpg", "description": "xd", "date": "2024-09-13T15:00:42.310Z", "tags": [2, 11]}}, {"model": "api.images", "pk": 228, "fields": {"user": 7, "image": "images/6r_B-5CJDi8_tPixOQ7.jpg", "description": "xd", "date": "2024-09-13T15:01:02.070Z", "tags": [2, 11]}}, {"model": "api.images", "pk": 229, "fields": {"user": 7, "image": "images/6r_B-5CJDi8_Wdvqzbt.jpg", "description": "xd", "date": "2024-09-13T15:05:45.932Z", "tags": [2, 11]}}, {"model": "api.images", "pk": 230, "fields": {"user": 7, "image": "images/6r_B-5CJDi8_Nzto9SN.jpg", "description": "xd", "date": "2024-09-13T15:07:22.981Z", "tags": [2, 11]}}, {"model": "api.images", "pk": 231, "fields": {"user": 7, "image": "images/6r_B-5CJDi8_4Wwh64Z.jpg", "description": "xd", "date": "2024-09-13T15:09:38.714Z", "tags": [2, 11]}}, {"model": "api.images", "pk": 232, "fields": {"user": 7, "image": "images/6r_B-5CJDi8_RXLWrM8.jpg", "description": "xd", "date": "2024-09-13T15:24:19.305Z", "tags": [2, 11]}}, {"model": "api.images", "pk": 233, "fields": {"user": 7, "image": "images/6r_B-5CJDi8_i4oN239.jpg", "description": "xd", "date": "2024-09-13T15:24:39.573Z", "tags": [2, 11]}}, {"model": "api.images", "pk": 234, "fields": {"user": 7, "image": "images/sddefault.jpg", "description": "xd", "date": "2024-09-14T17:58:39.290Z", "tags": [10]}}, {"model": "api.images", "pk": 235, "fields": {"user": 7, "image": "images/what-are-yall-taking-v0-kktyryp88ohd1.webp", "description": "incognito", "date": "2024-09-14T18:33:01.308Z", "tags": [2]}}, {"model": "api.images", "pk": 236, "fields": {"user": 7, "image": "images/pewdiepie-minecraft-reddit-dank-memes-v0-eet4lb6afjgd1.jpg", "description": "xd", "date": "2024-09-16T19:41:46.366Z", "tags": [2, 11]}}, {"model": "api.images", "pk": 237, "fields": {"user": 7, "image": "images/1kesvmso98id1.jpeg", "description": "xd", "date": "2024-09-17T18:31:44.950Z", "tags": [1, 2]}}, {"model": "api.images", "pk": 238, "fields": {"user": 8, "image": "images/1533583594185855694_O3YkX10.jpg", "description": "xd", "date": "2024-09-17T18:34:46.672Z", "tags": [2]}}, {"model": "api.images", "pk": 239, "fields": {"user": 7, "image": "images/giphy_2.gif", "description": "huy", "date": "2024-09-19T16:24:25.853Z", "tags": [10]}}, {"model": "api.images", "pk": 240, "fields": {"user": 7, "image": "images/title-must-be-╤Б╨▓╨╛-v0-my9sekbrjitd1.webp", "description": "xd", "date": "2024-10-11T17:58:55.034Z", "tags": [1, 2, 10]}}, {"model": "api.images", "pk": 241, "fields": {"user": 7, "image": "images/167065e9ab3e2dbde0bc8ebd7faa80ed.jpg", "description": "anime govno ebuchie ebuchie govno dlya ebaniy huesosov", "date": "2024-10-11T18:00:51.940Z", "tags": [1, 2, 10, 11, 13]}}, {"model": "api.images", "pk": 242, "fields": {"user": 7, "image": "images/x_52.jpg", "description": "dasdsadsadsadsadsad", "date": "2024-10-21T18:57:52.493Z", "tags": [1, 2, 10, 11, 13]}}, {"model": "api.images", "pk": 243, "fields": {"user": 7, "image": "images/conspiracy-theory-v0-s8gjbp9qequd1.webp", "description": "dsadsad", "date": "2024-10-21T18:58:30.089Z", "tags": [1]}}, {"model": "api.images", "pk": 244, "fields": {"user": 7, "image": "images/9abA5ZAlspU_2qchJ51.jpg", "description": "dadsadsa", "date": "2024-10-21T19:00:35.610Z", "tags": [1, 10]}}, {"model": "api.images", "pk": 245, "fields": {"user": 7, "image": "images/tuppxxi3ryvd1.webp", "description": "тА╝я╕ПтА╝я╕П╨Ь╨Ю╨й╨Э╨Х╨Щ╨и╨Ш╨Щ ╨Я╨а╨Ш╨Ы╨Х╨в ╨Ф╨Т╨Ю╨Щ╨Ъ╨Ш ╨Т ╨Ф╨Э╨Х╨Т╨Э╨Ш╨Ъ тА╝я╕П╨Я╨а╨Ю╨а╨л╨Т ╨Т ╨а╨Р╨Щ╨Ю╨Э╨Х ╨б╨в╨Ю╨Ы╨Ю╨Т╨Ъ╨Ш ╨Я╨Ш╨ж╨ж╨г ╨б╨Ь╨Х╨Ы╨Ш ╨Ч╨Р 4 ╨Ь╨Ш╨Э╨г╨в╨л тА╝я╕ПЁЯЪл╨Р╨Э╨Р╨Ы╨Ш╨в╨Ш╨Ъ╨Р ╨С╨г╨Ф╨Х╨в ╨Т╨Х╨з╨Х╨а╨Ю╨Ь, ╨г ╨Т╨Ю╨Х╨Э╨Ъ╨Ю╨а╨Р ╨г╨з╨Ш╨в╨Х╨Ы╨п ╨Ч╨Р╨С╨а╨Р╨Ы╨Ш ╨в╨Х╨Ы╨Х╨д╨Ю╨Э, ╨Я╨л╨в╨Р╨о╨в╨б╨п ╨Ч╨Р╨Ь╨Ю╨Ы╨з╨Р╨в╨м ╨Я╨а╨Р╨Т╨Ф╨г ЁЯЖШЁЯЖШ ╨б╨а╨Ю╨з╨Э╨Ю╨б╨С╨Ю╨а, ╨Э╨Р╨Ь ╨Э╨Х ╨Т╨л╨Ц╨Ш╨в╨м ╨С╨Х╨Ч ╨Т╨Р╨и╨Ш╨е ╨Ф╨Р╨Э╨Р╨в╨Ю╨Т ЁЯЗ╖ЁЯЗ║ЁЯЗ╖ЁЯЗ║ЁЯЗ╖ЁЯЗ║", "date": "2024-10-21T19:03:10.466Z", "tags": [2]}}, {"model": "api.images", "pk": 246, "fields": {"user": 7, "image": "images/640d1db43a1f9a64baf852ea69f7cb61.jpg", "description": "dsasddas", "date": "2024-10-21T19:21:46.314Z", "tags": [1, 2, 10, 11, 13]}}, {"model": "api.images", "pk": 247, "fields": {"user": 7, "image": "images/giphy_7.gif", "description": "dasdsadsadasda", "date": "2024-10-21T20:02:58.290Z", "tags": [2, 10]}}, {"model": "api.images", "pk": 248, "fields": {"user": 7, "image": "images/cursed-pornmemes-v0-90tpv5kwos4b1_o9I06OI.webp", "description": "xd", "date": "2024-10-23T17:20:53.003Z", "tags": [2]}}, {"model": "api.images", "pk": 249, "fields": {"user": 7, "image": "images/╨б╨╜╨╕╨╝╨╛╨║_╤Н╨║╤А╨░╨╜╨░_2024-09-05_172721.png", "description": "Using advanced photometric technology, I have developed a new corpse01/hobo texture that takes a picture of its viewer and turns it into a lazy retexture.\r\n\r\nThis mod retextures both the player and ragdoll variants of this model. Made from a soyjak I found on the floor, wojak whatever idk dude. This model is the Hobo from DarkRP\r\n\r\nAlso check out my other mod \"Removed Real Corpse from Hobo Texture\" :)", "date": "2024-10-23T18:41:55.495Z", "tags": [1, 2, 10, 14]}}, {"model": "api.images", "pk": 250, "fields": {"user": 7, "image": "images/╨б╨╜╨╕╨╝╨╛╨║_╤Н╨║╤А╨░╨╜╨░_2024-01-09_211256.png", "description": "dunno", "date": "2024-10-28T17:52:20.000Z", "tags": [2, 14]}}, {"model": "api.images", "pk": 251, "fields": {"user": 7, "image": "images/╤А╨╡╨╗╨╕╨╖-╨│╨░╨┤╨║╨╕╨╣-╤П-5-v0-j3ctcif4v2ud1.jpg", "description": "aaaa charonchik isparik brusko brusko podiki garik", "date": "2024-10-28T18:15:06.110Z", "tags": [1, 2, 25]}}, {"model": "api.images", "pk": 252, "fields": {"user": 7, "image": "images/╤В╤П╨╢╨╡╤З╨║╨░-╤Б-╤З╨░╤А╨╛╨╜╤З╨╕╨║╨░-╨┐╨╡╤А╨╡╨┤-╤Б╨▓╨╛-v0-6eimmk2b16ud1.jpg", "description": "xd", "date": "2024-10-28T19:57:07.967Z", "tags": [2, 28]}}, {"model": "api.images", "pk": 253, "fields": {"user": 7, "image": "images/9abA5ZAlspU_EToBT1o.jpg", "description": "smugjak", "date": "2024-10-31T19:57:14.737Z", "tags": [1, 2, 10, 14]}}, {"model": "api.images", "pk": 254, "fields": {"user": 7, "image": "images/images.png", "description": "sansepolcrismo", "date": "2024-11-01T17:01:02.479Z", "tags": [1, 10, 29]}}, {"model": "api.images", "pk": 255, "fields": {"user": 6, "image": "images/7mavu5uj9t041.jpg", "description": "sansepolcrismo true", "date": "2024-11-01T21:25:17.494Z", "tags": [1, 10, 29, 30]}}, {"model": "api.images", "pk": 256, "fields": {"user": 11, "image": "images/╨б╨╜╨╕╨╝╨╛╨║_╤Н╨║╤А╨░╨╜╨░_2024-06-07_233007.png", "description": "VERITAS VOS LIBERABIT", "date": "2024-11-02T18:49:32.339Z", "tags": [1, 29, 30]}}, {"model": "api.images", "pk": 257, "fields": {"user": 7, "image": "images/conspiracy-theory-v0-s8gjbp9qequd1_2ayydQs.webp", "description": "dsadsadsad", "date": "2024-11-08T18:17:22.608Z", "tags": [2]}}, {"model": "api.images", "pk": 258, "fields": {"user": 7, "image": "images/breaking-news-some-cast-members-for-the-upcoming-jujutsu-v0-ev0jgracu6hd1.jpg", "description": "pelmeniEin Schifflein sah ich fahren\nKapit├дn und Leutenant\nDarinnen waren geladen\nDrei brave Kompanien Soldaten\nKapit├дn, Leutenant, F├дhnerich, Sergeant\nNimm das M├дdel, nimm das M├дdel bei der Hand\nSoldaten, Kameraden\nNehmt das M├дdel, nehmt das M├дdel bei der Hand\nSoldaten, Kameraden\nNehmt das M├дdel, nehmt das M├дdel bei der Hand\nWas sollen die Soldaten essen\nKapit├дn und Leutenant?\nGebrat'ne Fisch mit Kressen\nDas sollen die Soldaten essen\nKapit├дn, Leutenant, F├дhnerich, Sergeant\nNimm das M├дdel, nimm das M├дdel bei der Hand\nSoldaten, Kameraden\nNehmt das M├дdel, nehmt das M├дdel bei der Hand\nSoldaten, Kameraden\nNehmt das M├дdel, nehmt das M├дdel bei der Hand\nWas sollen die Soldaten trinken\nKapit├дn und Leutenant?\nDen besten Wein, der zu finden\nDen sollen die Soldaten trinken\nKapit├дn, Leutenant, F├дhnerich, Sergeant\nNimm das M├дdel, nimm das M├дdel bei der Hand\nSoldaten, Kameraden\nNehmt das M├дdel, nehmt das M├дdel bei der Hand\nSoldaten, Kameraden\nNehmt das M├дdel, nehmt das M├дdel bei der Hand", "date": "2024-11-09T13:53:27.763Z", "tags": [1, 29]}}, {"model": "api.images", "pk": 259, "fields": {"user": 6, "image": "images/photo_2024-01-13_19-21-22.jpg", "description": "simple dimple", "date": "2024-11-09T18:20:44.492Z", "tags": [1, 2, 10, 28, 30]}}, {"model": "api.images", "pk": 260, "fields": {"user": 6, "image": "images/anon-borrows-a-pen-v0-wpwtmnp3jekd1.webp", "description": "tx", "date": "2024-11-10T17:02:40.261Z", "tags": [1, 2, 31]}}, {"model": "api.images", "pk": 261, "fields": {"user": 6, "image": "images/ask-me-anything-and-ill-respond-in-jjk-terms-v0-izk39d42a2hd1.jpg", "description": "x", "date": "2024-11-10T17:03:38.940Z", "tags": [1]}}, {"model": "api.images", "pk": 262, "fields": {"user": 7, "image": "images/eshkeria.png", "description": "eshkerien", "date": "2024-11-10T17:04:36.407Z", "tags": [29]}}, {"model": "api.images", "pk": 263, "fields": {"user": 6, "image": "images/╨б╨╜╨╕╨╝╨╛╨║_╤Н╨║╤А╨░╨╜╨░_2024-03-20_210338.png", "description": "wrist cuttah", "date": "2024-11-10T17:29:26.758Z", "tags": [1, 30, 32]}}, {"model": "api.comments", "pk": 1, "fields": {"user": 6, "image": 110, "comment": "test", "score": 0, "date": "2024-09-08T18:58:18.037Z"}}, {"model": "api.comments", "pk": 2, "fields": {"user": 7, "image": 212, "comment": "xd", "score": 0, "date": "2024-09-09T19:03:59.774Z"}}, {"model": "api.comments", "pk": 3, "fields": {"user": 7, "image": 212, "comment": "xd2", "score": 0, "date": "2024-09-10T16:52:44.875Z"}}, {"model": "api.comments", "pk": 4, "fields": {"user": 7, "image": 212, "comment": "xd3", "score": 0, "date": "2024-09-10T16:56:00.565Z"}}, {"model": "api.comments", "pk": 5, "fields": {"user": 7, "image": 213, "comment": "tyler derden", "score": 0, "date": "2024-09-10T17:21:48.068Z"}}, {"model": "api.comments", "pk": 6, "fields": {"user": 7, "image": 213, "comment": "xd3", "score": 0, "date": "2024-09-11T18:13:24.598Z"}}, {"model": "api.comments", "pk": 7, "fields": {"user": 7, "image": 217, "comment": "xd", "score": 0, "date": "2024-09-13T13:53:46.497Z"}}, {"model": "api.comments", "pk": 8, "fields": {"user": 7, "image": 215, "comment": "xd", "score": 0, "date": "2024-09-13T14:20:06.464Z"}}, {"model": "api.comments", "pk": 9, "fields": {"user": 7, "image": 215, "comment": "xd", "score": 0, "date": "2024-09-13T14:21:37.005Z"}}, {"model": "api.comments", "pk": 10, "fields": {"user": 7, "image": 215, "comment": "xd", "score": 0, "date": "2024-09-13T14:22:24.150Z"}}, {"model": "api.comments", "pk": 11, "fields": {"user": 7, "image": 213, "comment": "xd", "score": 0, "date": "2024-09-13T14:25:30.685Z"}}, {"model": "api.comments", "pk": 12, "fields": {"user": 7, "image": 213, "comment": "xd", "score": 0, "date": "2024-09-13T14:27:17.188Z"}}, {"model": "api.comments", "pk": 13, "fields": {"user": 7, "image": 216, "comment": "6", "score": 0, "date": "2024-09-13T14:27:39.163Z"}}, {"model": "api.comments", "pk": 14, "fields": {"user": 7, "image": 216, "comment": "7", "score": 0, "date": "2024-09-13T14:27:42.162Z"}}, {"model": "api.comments", "pk": 15, "fields": {"user": 7, "image": 216, "comment": "8", "score": 0, "date": "2024-09-13T14:27:48.540Z"}}, {"model": "api.comments", "pk": 16, "fields": {"user": 7, "image": 209, "comment": "14", "score": 0, "date": "2024-09-13T14:28:35.417Z"}}, {"model": "api.comments", "pk": 17, "fields": {"user": 7, "image": 111, "comment": "xd", "score": 0, "date": "2024-09-13T16:29:59.301Z"}}, {"model": "api.comments", "pk": 18, "fields": {"user": 7, "image": 109, "comment": "xd", "score": 0, "date": "2024-09-13T16:50:31.617Z"}}, {"model": "api.comments", "pk": 19, "fields": {"user": 7, "image": 233, "comment": "xd", "score": 0, "date": "2024-09-14T17:58:02.005Z"}}, {"model": "api.comments", "pk": 20, "fields": {"user": 7, "image": 235, "comment": "xd", "score": 0, "date": "2024-09-14T18:33:19.828Z"}}, {"model": "api.comments", "pk": 21, "fields": {"user": 7, "image": 235, "comment": "xd", "score": 0, "date": "2024-09-14T18:53:03.566Z"}}, {"model": "api.comments", "pk": 22, "fields": {"user": 7, "image": 236, "comment": "xd", "score": 0, "date": "2024-09-17T18:30:58.195Z"}}, {"model": "api.comments", "pk": 23, "fields": {"user": 7, "image": 237, "comment": "xd", "score": 0, "date": "2024-09-19T15:38:27.692Z"}}, {"model": "api.comments", "pk": 24, "fields": {"user": 7, "image": 217, "comment": "7", "score": 0, "date": "2024-09-19T15:42:02.854Z"}}, {"model": "api.comments", "pk": 25, "fields": {"user": 7, "image": 217, "comment": "xd", "score": 0, "date": "2024-09-19T16:21:30.280Z"}}, {"model": "api.comments", "pk": 26, "fields": {"user": 7, "image": 239, "comment": "hohol kombat", "score": 0, "date": "2024-09-19T16:24:33.654Z"}}, {"model": "api.comments", "pk": 27, "fields": {"user": 7, "image": 108, "comment": "lel", "score": 0, "date": "2024-09-19T16:46:25.397Z"}}, {"model": "api.comments", "pk": 28, "fields": {"user": 7, "image": 111, "comment": "xd", "score": 0, "date": "2024-09-21T15:06:27.295Z"}}, {"model": "api.comments", "pk": 29, "fields": {"user": 7, "image": 239, "comment": "xd", "score": 0, "date": "2024-09-21T15:32:49.943Z"}}, {"model": "api.comments", "pk": 30, "fields": {"user": 7, "image": 235, "comment": "xd", "score": 0, "date": "2024-09-21T16:23:12.106Z"}}, {"model": "api.comments", "pk": 31, "fields": {"user": 7, "image": 239, "comment": "xd", "score": 0, "date": "2024-09-22T15:38:22.258Z"}}, {"model": "api.comments", "pk": 32, "fields": {"user": 7, "image": 234, "comment": "obed", "score": 0, "date": "2024-10-10T16:50:12.590Z"}}, {"model": "api.comments", "pk": 33, "fields": {"user": 7, "image": 234, "comment": "1", "score": 0, "date": "2024-10-10T16:51:22.781Z"}}, {"model": "api.comments", "pk": 34, "fields": {"user": 7, "image": 234, "comment": "2", "score": 0, "date": "2024-10-10T16:51:32.703Z"}}, {"model": "api.comments", "pk": 35, "fields": {"user": 7, "image": 234, "comment": "3", "score": 0, "date": "2024-10-10T16:52:01.701Z"}}, {"model": "api.comments", "pk": 36, "fields": {"user": 7, "image": 240, "comment": "how tf does unique tags work", "score": 0, "date": "2024-10-11T17:59:25.225Z"}}, {"model": "api.comments", "pk": 37, "fields": {"user": 7, "image": 241, "comment": "xd", "score": 0, "date": "2024-10-11T18:00:59.797Z"}}, {"model": "api.comments", "pk": 38, "fields": {"user": 7, "image": 240, "comment": "тЪбя╕ПтЪбя╕П┬л╨Ы╤Г╤З╤И╨╡ ╨╛╤Б╤В╨░╤В╤М╤Б╤П ╤Б 0 ╤З╨╡╨╗╨╛╨▓╨╡╨║, ╤З╨╡╨╝ ╤Б ╤Н╤В╨╕╨╝╨╕ ╨▒╨╡╨╖╨╝╨╛╨╖╨│╨╗╤Л╨╝╨╕ ╨┐╨╕╨┤╨░╤А╨░╤Б╨░╨╝╨╕.\n\n╨Э╨░╨┤╨╛ ╨┐╨╛╨║╨░╨╖╤Л╨▓╨░╤В╤М ╨╜╨░ ╨╜╨╕╤Е ╨┐╨░╨╗╤М╤Ж╨╡╨╝ ╨╕ ╨╕╨╖╨│╨╛╨╜╤П╤В╤М ╨╕╨╖ ╨╛╨▒╤Й╨╡╤Б╤В╨▓╨░. ╨Я╨╛ ╨┤╤А╤Г╨│╨╛╨╝╤Г ╨╜╨╡ ╤А╨░╨▒╨╛╤В╨░╨╡╤В, ╨┐╨╛ ╨┤╤А╤Г╨│╨╛╨╝╤Г ╨╛╨╜╨╕ ╨┐╤А╨╛╨┤╨╛╨╗╨╢╨░╤О╤В ╤В╤А╨╡╨▒╨╛╨▓╨░╤В╤М ╤Д╨╕╨╜╨░╨╜╤Б╨╕╤А╨╛╨▓╨░╨╜╨╕╨╡ ╤Б╨▓╨╛╨╡╨╣ ╨░╤А╨╝╨╕╨╕┬╗\n\nтАУ ╨Т╨╗╨░╨┤╨╕╨╝╨╕╤А ╨Ч╨╡╨╗╨╡╨╜╤Б╨║╨╕╨╣ ╨┐╤А╨╛ ╨г╨║╤А╨░╨╕╨╜╤Б╨║╨╕╨╣ ╨╜╨░╤А╨╛╨┤", "score": 0, "date": "2024-10-17T16:05:05.770Z"}}, {"model": "api.comments", "pk": 39, "fields": {"user": 7, "image": 227, "comment": "xd", "score": 0, "date": "2024-10-20T16:53:06.095Z"}}, {"model": "api.comments", "pk": 40, "fields": {"user": 7, "image": 237, "comment": "huy", "score": 0, "date": "2024-10-20T18:08:51.339Z"}}, {"model": "api.comments", "pk": 41, "fields": {"user": 7, "image": 245, "comment": "тА╝я╕ПтА╝я╕П╨Ь╨Ю╨й╨Э╨Х╨Щ╨и╨Ш╨Щ ╨Я╨а╨Ш╨Ы╨Х╨в ╨Ф╨Т╨Ю╨Щ╨Ъ╨Ш ╨Т ╨Ф╨Э╨Х╨Т╨Э╨Ш╨Ъ тА╝я╕П╨Я╨а╨Ю╨а╨л╨Т ╨Т ╨а╨Р╨Щ╨Ю╨Э╨Х ╨б╨в╨Ю╨Ы╨Ю╨Т╨Ъ╨Ш ╨Я╨Ш╨ж╨ж╨г ╨б╨Ь╨Х╨Ы╨Ш ╨Ч╨Р 4 ╨Ь╨Ш╨Э╨г╨в╨л тА╝я╕ПЁЯЪл╨Р╨Э╨Р╨Ы╨Ш╨в╨Ш╨Ъ╨Р ╨С╨г╨Ф╨Х╨в ╨Т╨Х╨з╨Х╨а╨Ю╨Ь, ╨г ╨Т╨Ю╨Х╨Э╨Ъ╨Ю╨а╨Р ╨г╨з╨Ш╨в╨Х╨Ы╨п ╨Ч╨Р╨С╨а╨Р╨Ы╨Ш ╨в╨Х╨Ы╨Х╨д╨Ю╨Э, ╨Я╨л╨в╨Р╨о╨в╨б╨п ╨Ч╨Р╨Ь╨Ю╨Ы╨з╨Р╨в╨м ╨Я╨а╨Р╨Т╨Ф╨г ЁЯЖШЁЯЖШ ╨б╨а╨Ю╨з╨Э╨Ю╨б╨С╨Ю╨а, ╨Э╨Р╨Ь ╨Э╨Х ╨Т╨л╨Ц╨Ш╨в╨м ╨С╨Х╨Ч ╨Т╨Р╨и╨Ш╨е ╨Ф╨Р╨Э╨Р╨в╨Ю╨Т ЁЯЗ╖ЁЯЗ║ЁЯЗ╖ЁЯЗ║ЁЯЗ╖ЁЯЗ║", "score": 0, "date": "2024-10-21T19:03:16.746Z"}}, {"model": "api.comments", "pk": 42, "fields": {"user": 7, "image": 248, "comment": "rasdadsadfosahfdoaphfoaushfudhsapfhdasuhfusiahfdsiupahfsdaiufhdsiahfsauipdafhsiuahfsduaihfdiupsahfuipdasuifphdsauiphfdisuahfuipsdahuifshdauifsuaihfuidsahfuiaspfhdsaphfuasifhusa", "score": 0, "date": "2024-10-23T17:30:15.256Z"}}, {"model": "api.comments", "pk": 43, "fields": {"user": 7, "image": 248, "comment": "╨Т╨╛╨┐╤А╨╛╤Б: ╤Б╨║╨╛╨╗╤М╨║╨╛ ╨╜╤Г╨╢╨╜╨╛ ╨╗╨╕╨▒╨╡╤А╨░╨╗╨╛╨▓, ╤З╤В╨╛╨▒╤Л ╨▓╨║╤А╤Г╤В╨╕╤В╤М ╨╗╨░╨╝╨┐╨╛╤З╨║╤Г?\n\n╨Ю╤В╨▓╨╡╤В: ╤Б╤Г╤Й╨╡╤Б╤В╨▓╤Г╨╡╤В 3 ╤Б╨╛╤Б╤В╨╛╤П╨╜╨╕╤П ╨║╨╛╨╗╨╗╨╡╨│╨╕╨╕ ╨╗╨╕╨▒╨╡╤А╨░╨╗╨╛╨▓.\n╨б╨╛╤Б╤В╨╛╤П╨╜╨╕╨╡ 1 - ╨╗╨╕╨▒╨╡╤А╨░╨╗ ╨▓ ╤Б╨╛╨╗╨╛. ╨Т ╤В╨░╨║╨╛╨╝ ╤Б╨╛╤Б╤В╨╛╤П╨╜╨╕╨╕ ╨╗╨╕╨▒╨╡╤А╨░╨╗ ╨▒╤Г╨┤╨╡╤В ╨┐╨╕╤Б╨░╤В╤М ╨▓ ╨╕╨╜╤В╨╡╤А╨╜╨╡╤В╨╡ ╨┐╨░╤Б╤В╤Л ╨╛ ╤В╨╛╨╝, ╨║╨░╨║╨╛╨╣ ╨╛╨╜ ╨╛╤Е╤Г╨╡╨╜╨╜╤Л╨╣ ╨╕ ╨╡╨╝╤Г ╨▒╤Г╨┤╨╡╤В ╨╜╨╡ ╨┤╨╛ ╨╗╨░╨╝╨┐╨╛╤З╨║╨╕.\n╨б╨╛╤Б╤В╨╛╤П╨╜╨╕╨╡ 2 - ╨╜╨╡╨▒╨╛╨╗╤М╤И╨░╤П ╨│╨╛╤А╤Б╤В╨║╨░ ╨╗╨╕╨▒╨╡╤А╨░╨╗╨╛╨▓. ╨Э╨░╨▓╤Б╨║╨╕╨┤╨║╤Г ╨╛╤В 2 ╨┤╨╛ 50 ╤З╨╡╨╗╨╛╨▓╨╡╨║. ╨Т ╤В╨░╨║╨╛╨╝ ╤Б╨╛╤Б╤В╨╛╤П╨╜╨╕╨╕ ╨╗╨╕╨▒╨╡╤А╨░╨╗╤Л ╨╜╨╡ ╤Б╨╝╨╛╨│╤Г╤В ╨┤╨╛╨│╨╛╨▓╨╛╤А╨╕╤В╤М╤Б╤П, ╨▒╤Г╨┤╤Г╤В ╨║╤Г╨║╨░╤А╨╡╨║╨░╤В╤М ╨┤╤А╤Г╨│ ╨╜╨░ ╨┤╤А╤Г╨│╨░ ╨▓ ╨╕╨╜╤В╨╡╤А╨╜╨╡╤В╨╡, ╤А╤Г╤И╨╕╤В╤М ╨╕╨╡╤А╨░╤А╤Е╨╕╤О ╨╕ ╤Е╨╛╨┤╨╕╤В╤М ╨╜╨░ ╨╝╨░╨╣╨┤╨░╨╜╤Л. ╨Ф╨╛ ╨▓╨║╤А╤Г╤З╨╕╨▓╨░╨╜╨╕╤П ╨╗╨░╨╝╨┐╨╛╤З╨║╨╕ ╨┤╨╡╨╗╨╛ ╨╜╨╡ ╨┤╨╛╨╣╨┤╨╡╤В.\n╨б╨╛╤Б╤В╨╛╤П╨╜╨╕╨╡ 3 - ╤В╨╛╨╗╨┐╨░ ╨╗╨╕╨▒╨╡╤А╨░╨╗╨╛╨▓. ╨н╤В╨╛ ╨╛╤В 51 ╨┤╨╛ ╨▒╨╡╤Б╨║╨╛╨╜╨╡╤З╨╜╨╛╤Б╤В╨╕ ╤З╨╡╨╗╨╛╨▓╨╡╨║. ╨Т ╤В╨░╨║╨╛╨╝ ╤Б╨╛╤Б╤В╨╛╤П╨╜╨╕╨╕ ╨╗╨╕╨▒╨╡╤А╨░╨╗╤Л ╨▒╤Г╨┤╤Г╤В ╨╜╨░╤Е╨╛╨┤╨╕╤В╤М╤Б╤П ╨▓ ╤Б╨╛╤Б╤В╨╛╤П╨╜╨╕╨╕ ╨┐╨╛╤Б╤В╨╛╤П╨╜╨╜╨╛╨╣ ╨│╤А╨░╨╢╨┤╨░╨╜╤Б╨║╨╛╨╣ ╨▓╨╛╨╣╨╜╤Л ╤Б ╨┐╤А╨╕╨╝╨╡╨╜╨╡╨╜╨╕╨╡╨╝ ╤В╨░╨║╨╕╤Е ╨╖╨░╨╝╨╡╤З╨░╤В╨╡╨╗╤М╨╜╤Л╤Е ╤И╤В╤Г╨║, ╨║╨░╨║ ╤Б╨╡╨│╤А╨╡╨│╨░╤Ж╨╕╤П ╨╗╤О╨┤╨╡╨╣ ╨┐╨╛ ╤А╨░╨╖╨╗╨╕╤З╨╜╤Л╨╝ ╨┐╤А╨╕╨╖╨╜╨░╨║╨░╨╝ (╨▒╨╡╨╗╤Л╨╡ ╨╝╤Г╨╢╤З╨╕╨╜╤Л ╨╜╨░╤В╤Г╤А╨░╨╗╤Л ╨▒╤Г╨┤╤Г╤В ╨▓ ╤Б╨░╨╝╨╛╨╝ ╨╜╨╕╨╖╤Г ╨╕╨╡╤А╨░╤А╤Е╨╕╨╕), ╤Б ╨┐╨╛╤Б╨╗╨╡╨┤╤Г╤О╤Й╨╡╨╣ ╤Г╤В╨╕╨╗╨╕╨╖╨░╤Ж╨╕╨╡╨╣ ╨╜╨░╨╕╨╝╨╡╨╜╨╡╨╡ ╨┐╤А╨╕╨▓╨╡╨╗╨╕╨│╨╡╤А╨╛╨▓╨░╨╜╨╜╨╛╨╣ ╨║╨░╤В╨╡╨│╨╛╤А╨╕╨╕ ╨╜╨░╤Б╨╡╨╗╨╡╨╜╨╕╤П ╨▓ ╨┐╨╡╤З╨╕ ╨┤╨╛╨▒╤А╨░. ╨в╨╡╨╝ ╨╜╨╡ ╨╝╨╡╨╜╨╡╨╡, ╨▓╨║╤А╤Г╤З╨╕╨▓╨░╨╜╨╕╨╡ ╨┐╤А╨╡╤Б╨╗╨╛╨▓╤Г╤В╨╛╨╣ ╨╗╨░╨╝╨┐╨╛╤З╨║╨╕ ╨▓ ╤В╨░╨║╨╛╨╣ ╤Б╨╕╤Б╤В╨╡╨╝╨╡ ╤П╨▓╨╗╤П╨╡╤В╤Б╤П ╤Б╨╗╤Г╤З╨░╨╣╨╜╤Л╨╝ ╤Е╨░╨╛╤В╨╕╤З╨╡╤Б╨║╨╕╨╝ ╤Б╨╛╨▒╤Л╤В╨╕╨╡╨╝, ╨▓╨╡╤А╨╛╤П╤В╨╜╨╛╤Б╤В╤М ╨┐╤А╨╛╨╕╤Б╤Е╨╛╨╢╨┤╨╡╨╜╨╕╤П ╨║╨╛╤В╨╛╤А╨╛╨│╨╛ ╤А╨░╤Б╤В╨╡╤В ╤Б ╤А╨░╨╖╨╝╨╡╤А╨░╨╝╨╕ ╨║╨╛╨┤╨╗╤Л ╨╗╨╕╨▒╨╡╤А╨░╨╗╨╛╨▓, ╨║╨╛╤В╨╛╤А╤Л╤Е ╨╝╤Л ╤Б╨╛╨▒╨╡╤А╨╡╨╝ ╨┤╨╗╤П ╤А╨╡╤И╨╡╨╜╨╕╤П ╨╖╨░╨┤╨░╤З╨╕. \n╨Я╨╛╤Н╤В╨╛╨╝╤Г, ╨┐╨╛╨╢╨░╨╗╤Г╨╣, ╨┐╤Г╤Б╤В╤М ╨╛╤В╨▓╨╡╤В ╨▒╤Г╨┤╨╡╤В ╨▓ ╤А╨░╨╣╨╛╨╜╨╡ 70 ╨╝╨╕╨╗╨╗╨╕╨░╤А╨┤╨╛╨▓ ╨╗╨╕╨▒╨╡╤А╨░╨╗╨╛╨▓.\n╨Ь╨╡╨╜╤М╤И╨╡ ╨╜╨╡ ╨┐╨╛╨╗╤Г╤З╨╕╤В╤Б╤П, ╨┐╨╛╤В╨╛╨╝╤Г ╤З╤В╨╛ ╤Г ╨╗╨╕╨▒╨╡╤А╨░╨╗╨╛╨▓ ╨▓╨╖╤П╤В ╨║╤Г╤А╤Б ╨╜╨░ ╨┤╨╛╨▒╤А╨╛╨▓╨╛╨╗╤М╨╜╨╛╨╡ ╨▓╤Л╨╝╨╕╤А╨░╨╜╨╕╨╡ ╤З╨╡╤А╨╡╨╖ ╨╝╨╡╤Е╨░╨╜╨╕╨║╨╕ ╤З╨░╨╣╨╗╨┤╤Д╤А╨╕ ╨╕ ╨┐╤А╨╛╤З╨╕╨╡ ╨┐╤А╨╡╨╗╨╡╤Б╤В╨╕, ╨┐╨╛╤Н╤В╨╛╨╝╤Г ╨╜╨░╨┤╨╛ ╤Г╤Б╨┐╨╡╤В╤М ╨╖╨░ ╨┐╤А╨╕╨╝╨╡╤А╨╜╨╛ 60 ╨╗╨╡╤В ╨▓╨║╤А╤Г╤В╨╕╤В╤М ╨╗╨░╨╝╨┐╨╛╤З╨║╤Г, ╨┐╨╛╤В╨╛╨╝ ╨┐╤А╨╛╤Б╤В╨╛ ╨╗╨╕╨▒╨╡╤А╨░╨╗╤Л ╨╖╨░╨║╨╛╨╜╤З╨░╤В╤Б╤П. ╨в╤Г╤В ╨║╨░╨║ ╤Б ╤Б╤Г╨╕╤Ж╨╕╨┤╨╜╨╕╨║╨░╨╝╨╕, ╤З╨╡╨╝ ╨╕╤Е ╨▒╨╛╨╗╤М╤И╨╡, ╤В╨╡╨╝ ╨╕╤Е ╨▓╨┐╨╛╤Б╨╗╨╡╨┤╤Б╤В╨▓╨╕╨╕ ╨╝╨╡╨╜╤М╤И╨╡.", "score": 0, "date": "2024-10-23T17:31:03.578Z"}}, {"model": "api.comments", "pk": 44, "fields": {"user": 7, "image": 248, "comment": "xs", "score": 0, "date": "2024-10-23T17:51:17.696Z"}}, {"model": "api.comments", "pk": 45, "fields": {"user": 7, "image": 247, "comment": "shadow-transition focus:shadow-lg", "score": 0, "date": "2024-10-23T17:51:23.177Z"}}, {"model": "api.comments", "pk": 46, "fields": {"user": 7, "image": 242, "comment": "dsadas", "score": 0, "date": "2024-10-23T17:52:06.515Z"}}, {"model": "api.comments", "pk": 47, "fields": {"user": 7, "image": 242, "comment": "dasdsad", "score": 0, "date": "2024-10-23T17:53:20.286Z"}}, {"model": "api.comments", "pk": 48, "fields": {"user": 7, "image": 250, "comment": "amibus", "score": 0, "date": "2024-10-28T17:54:16.796Z"}}, {"model": "api.comments", "pk": 49, "fields": {"user": 7, "image": 251, "comment": "xd", "score": 0, "date": "2024-10-28T19:53:58.510Z"}}, {"model": "api.comments", "pk": 50, "fields": {"user": 7, "image": 253, "comment": "xsdadsad", "score": 0, "date": "2024-10-31T19:57:18.031Z"}}, {"model": "api.comments", "pk": 51, "fields": {"user": 7, "image": 254, "comment": "Ein Schifflein sah ich fahren\nKapit├дn und Leutenant\nDarinnen waren geladen\nDrei brave Kompanien Soldaten\nKapit├дn, Leutenant, F├дhnerich, Sergeant\nNimm das M├дdel, nimm das M├дdel bei der Hand\nSoldaten, Kameraden\nNehmt das M├дdel, nehmt das M├дdel bei der Hand\nSoldaten, Kameraden\nNehmt das M├дdel, nehmt das M├дdel bei der Hand\nWas sollen die Soldaten essen\nKapit├дn und Leutenant?\nGebrat'ne Fisch mit Kressen\nDas sollen die Soldaten essen\nKapit├дn, Leutenant, F├дhnerich, Sergeant\nNimm das M├дdel, nimm das M├дdel bei der Hand\nSoldaten, Kameraden\nNehmt das M├дdel, nehmt das M├дdel bei der Hand\nSoldaten, Kameraden\nNehmt das M├дdel, nehmt das M├дdel bei der Hand\nWas sollen die Soldaten trinken\nKapit├дn und Leutenant?\nDen besten Wein, der zu finden\nDen sollen die Soldaten trinken\nKapit├дn, Leutenant, F├дhnerich, Sergeant\nNimm das M├дdel, nimm das M├дdel bei der Hand\nSoldaten, Kameraden\nNehmt das M├дdel, nehmt das M├дdel bei der Hand\nSoldaten, Kameraden\nNehmt das M├дdel, nehmt das M├дdel bei der Hand", "score": 0, "date": "2024-11-01T17:01:14.460Z"}}, {"model": "api.comments", "pk": 52, "fields": {"user": 7, "image": 254, "comment": "textAreaRef.current.style.height = 'auto'\n        textAreaRef.current.style.height = textAreaRef.current.scrollHeight + 'px'", "score": 0, "date": "2024-11-01T17:08:45.144Z"}}, {"model": "api.comments", "pk": 53, "fields": {"user": 7, "image": 254, "comment": "textAreaRef.current.style.height = 'auto'\n        textAreaRef.current.style.height = textAreaRef.current.scrollHeight + 'px'", "score": 0, "date": "2024-11-01T17:09:14.435Z"}}, {"model": "api.comments", "pk": 54, "fields": {"user": 7, "image": 254, "comment": "Ein Schifflein sah ich fahren\nKapit├дn und Leutenant\nDarinnen waren geladen\nDrei brave Kompanien Soldaten\nKapit├дn, Leutenant, F├дhnerich, Sergeant\nNimm das M├дdel, nimm das M├дdel bei der Hand\nSoldaten, Kameraden\nNehmt das M├дdel, nehmt das M├дdel bei der Hand\nSoldaten, Kameraden\nNehmt das M├дdel, nehmt das M├дdel bei der Hand\nWas sollen die Soldaten essen\nKapit├дn und Leutenant?\nGebrat'ne Fisch mit Kressen\nDas sollen die Soldaten essen\nKapit├дn, Leutenant, F├дhnerich, Sergeant\nNimm das M├дdel, nimm das M├дdel bei der Hand\nSoldaten, Kameraden\nNehmt das M├дdel, nehmt das M├дdel bei der Hand\nSoldaten, Kameraden\nNehmt das M├дdel, nehmt das M├дdel bei der Hand\nWas sollen die Soldaten trinken\nKapit├дn und Leutenant?\nDen besten Wein, der zu finden\nDen sollen die Soldaten trinken\nKapit├дn, Leutenant, F├дhnerich, Sergeant\nNimm das M├дdel, nimm das M├дdel bei der Hand\nSoldaten, Kameraden\nNehmt das M├дdel, nehmt das M├дdel bei der Hand\nSoldaten, Kameraden\nNehmt das M├дdel, nehmt das M├дdel bei der Hand", "score": 0, "date": "2024-11-01T17:09:24.024Z"}}, {"model": "api.comments", "pk": 55, "fields": {"user": 6, "image": 255, "comment": "ladno", "score": 0, "date": "2024-11-01T21:25:30.951Z"}}, {"model": "api.comments", "pk": 56, "fields": {"user": 10, "image": 255, "comment": "viva la morte!", "score": 0, "date": "2024-11-02T18:42:52.016Z"}}, {"model": "api.comments", "pk": 57, "fields": {"user": 11, "image": 253, "comment": ")))", "score": 0, "date": "2024-11-02T18:47:27.081Z"}}, {"model": "api.comments", "pk": 58, "fields": {"user": 11, "image": 256, "comment": "FORTIS FORTUNA ADIUVAT", "score": 0, "date": "2024-11-02T18:49:47.233Z"}}, {"model": "api.comments", "pk": 59, "fields": {"user": 7, "image": 258, "comment": "Ein Schifflein sah ich fahren\nKapit├дn und Leutenant\nDarinnen waren geladen\nDrei brave Kompanien Soldaten\nKapit├дn, Leutenant, F├дhnerich, Sergeant\nNimm das M├дdel, nimm das M├дdel bei der Hand\nSoldaten, Kameraden\nNehmt das M├дdel, nehmt das M├дdel bei der Hand\nSoldaten, Kameraden\nNehmt das M├дdel, nehmt das M├дdel bei der Hand\nWas sollen die Soldaten essen\nKapit├дn und Leutenant?\nGebrat'ne Fisch mit Kressen\nDas sollen die Soldaten essen\nKapit├дn, Leutenant, F├дhnerich, Sergeant\nNimm das M├дdel, nimm das M├дdel bei der Hand\nSoldaten, Kameraden\nNehmt das M├дdel, nehmt das M├дdel bei der Hand\nSoldaten, Kameraden\nNehmt das M├дdel, nehmt das M├дdel bei der Hand\nWas sollen die Soldaten trinken\nKapit├дn und Leutenant?\nDen besten Wein, der zu finden\nDen sollen die Soldaten trinken\nKapit├дn, Leutenant, F├дhnerich, Sergeant\nNimm das M├дdel, nimm das M├дdel bei der Hand\nSoldaten, Kameraden\nNehmt das M├дdel, nehmt das M├дdel bei der Hand\nSoldaten, Kameraden\nNehmt das M├дdel, nehmt das M├дdel bei der Hand", "score": 0, "date": "2024-11-09T17:25:17.571Z"}}, {"model": "api.comments", "pk": 60, "fields": {"user": 7, "image": 246, "comment": "xd", "score": 0, "date": "2024-11-09T17:26:01.870Z"}}, {"model": "api.comments", "pk": 61, "fields": {"user": 7, "image": 246, "comment": "xd", "score": 0, "date": "2024-11-09T17:26:15.086Z"}}, {"model": "api.comments", "pk": 62, "fields": {"user": 7, "image": 246, "comment": "r", "score": 0, "date": "2024-11-09T17:26:17.341Z"}}, {"model": "api.comments", "pk": 63, "fields": {"user": 7, "image": 258, "comment": "xd", "score": 0, "date": "2024-11-09T18:20:14.382Z"}}, {"model": "api.comments", "pk": 64, "fields": {"user": 6, "image": 259, "comment": "aaaa", "score": 0, "date": "2024-11-09T18:21:05.533Z"}}, {"model": "api.comments", "pk": 65, "fields": {"user": 6, "image": 263, "comment": "its library time", "score": 0, "date": "2024-11-10T17:29:36.869Z"}}, {"model": "api.comments", "pk": 66, "fields": {"user": 7, "image": 263, "comment": "you must gangnam... like i have...", "score": 0, "date": "2024-11-10T17:31:05.148Z"}}, {"model": "api.comments", "pk": 67, "fields": {"user": 7, "image": 256, "comment": "MARE NOSTRUM", "score": 0, "date": "2024-11-10T17:33:58.819Z"}}]
